{
  "asteroids": {
    "configuration": {
      "config": {
        "configName": "config",
        "topScope": [
          "const path = require('path');",
          "const webpack = require('webpack');",
          "\n",
          "/*\n * SplitChunksPlugin is enabled by default and replaced\n * deprecated CommonsChunkPlugin. It automatically identifies modules which\n * should be splitted of chunk by heuristics using module duplication count and\n * module category (i. e. node_modules). And splits the chunks…\n *\n * It is safe to remove \"splitChunks\" from the generated configuration\n * and was added as an educational example.\n *\n * https://webpack.js.org/plugins/split-chunks-plugin/\n *\n */",
          "/*\n * We've enabled MiniCssExtractPlugin for you. This allows your app to\n * use css modules that will be moved into a separate CSS file instead of inside\n * one of your module entries!\n *\n * https://github.com/webpack-contrib/mini-css-extract-plugin\n *\n */",
          "const MiniCssExtractPlugin = require('mini-css-extract-plugin');",
          "\n",
          "/*\n * We've enabled TerserPlugin for you! This minifies your app\n * in order to load faster and run less javascript.\n *\n * https://github.com/webpack-contrib/terser-webpack-plugin\n *\n */",
          "const TerserPlugin = require('terser-webpack-plugin');",
          "\n",
          "const workboxPlugin = require('workbox-webpack-plugin');",
          "\n"
        ],
        "webpackOptions": {
          "mode": "'development'",
          "entry": {
            "pageOne": "'./src.js'",
            "pageTwo": "'./src.js'"
          },
          "output": {
            "chunkFilename": "'[name].[chunkhash].js'",
            "filename": "'[name].[chunkhash].js'"
          },
          "plugins": [
            "new webpack.ProgressPlugin()",
            "new MiniCssExtractPlugin({ filename:'main.scss.[chunkhash].css' })",
            "new workboxPlugin.GenerateSW({\n\t\t\tswDest: 'sw.js',\n\t\t\tclientsClaim: true,\n\t\t\tskipWaiting: false,\n\t\t})"
          ],
          "module": {
            "rules": [
              {
                "test": "/.(js|jsx)$/",
                "include": [],
                "loader": "'babel-loader'"
              },
              {
                "test": "/.(scss|css)$/",
                "use": [
                  {
                    "loader": "MiniCssExtractPlugin.loader"
                  },
                  {
                    "loader": "\"style-loader\""
                  },
                  {
                    "loader": "\"css-loader\"",
                    "options": {
                      "sourceMap": true
                    }
                  },
                  {
                    "loader": "\"sass-loader\"",
                    "options": {
                      "sourceMap": true
                    }
                  }
                ]
              }
            ]
          },
          "optimization": {
            "minimizer": [
              "new TerserPlugin()"
            ],
            "splitChunks": {
              "cacheGroups": {
                "vendors": {
                  "priority": -10,
                  "test": "/[\\\\/]node_modules[\\\\/]/"
                }
              },
              "chunks": "'async'",
              "minChunks": 1,
              "minSize": 30000,
              "name": true
            }
          }
        }
      },
      "usingDefaults": false
    }
  }
}